Gene	Variant_Name	rsID	Chromosome	Position_GRCh38	Genomic_Ref_Alt
ABCG2	421C>A	rs2231142	chr4	88131171	G > T
CYP2B6	-82T>C	rs34223104	chr19	40991224	T > C
CYP2B6	62A>T	rs34883432	chr19	40991367	A > T
CYP2B6	64C>T	rs8192709	chr19	40991369	C > T
CYP2B6	76A>T	rs33973337	chr19	40991381	A > T
CYP2B6	83A>G	rs33980385	chr19	40991388	A > G
CYP2B6	85C>A	rs33926104	chr19	40991390	C > A
CYP2B6	86G>C	rs34284776	chr19	40991391	G > C
CYP2B6	136A>G	rs35303484	chr19	40991441	A > G
CYP2B6	12710T>A	rs281864907	chr19	41004015	T > A
CYP2B6	12820G>A	rs36060847	chr19	41004125	G > A
CYP2B6	12828G>A	rs148009906	chr19	41004133	G > A
CYP2B6	12853G>T	rs186335453	chr19	41004158	G > T
CYP2B6	12998T>C	rs139801276	chr19	41004303	T > C
CYP2B6	13072A>G	rs12721655	chr19	41004377	A > G
CYP2B6	13075C>T	rs535039125	chr19	41004380	C > T
CYP2B6	13076G>A	rs35773040	chr19	41004381	G > A
CYP2B6	13101G>T	rs145884402	chr19	41004406	G > T
CYP2B6	13130G>A	rs141666881	chr19	41004435	G > A
CYP2B6	15614C>G	rs3826711	chr19	41006919	C > G
CYP2B6	15618C>T	rs36056539	chr19	41006923	C > T
CYP2B6	15631G>T	rs3745274	chr19	41006936	G > T
CYP2B6	15662G>A	rs58871670	chr19	41006967	G > A
CYP2B6	15663T>G	rs373489637	chr19	41006968	T > G
CYP2B6	15708T>C	rs36079186	chr19	41007013	T > C
CYP2B6	18008A>C		chr19	41009313	A > C
CYP2B6	18045C>A	rs45482602	chr19	41009350	C > A
CYP2B6	18053A>G	rs2279343	chr19	41009358	A > G
CYP2B6	18701G>C	rs139029625	chr19	41010006	G > C
CYP2B6	18783C>G	rs34698757	chr19	41010088	C > G
CYP2B6	18803C>A	rs193922917	chr19	41010108	C > A
CYP2B6	21011T>C	rs28399499	chr19	41012316	T > C
CYP2B6	21034C>T	rs34826503	chr19	41012339	C > T
CYP2B6	21088T>C	rs754621576	chr19	41012393	T > C
CYP2B6	21089A>G	rs780991919	chr19	41012394	A > G
CYP2B6	21160C>T	rs34097093	chr19	41012465	C > T
CYP2B6	21161G>A	rs200458614	chr19	41012466	G > A
CYP2B6	21166T>C	rs201500445	chr19	41012471	T > C
CYP2B6	21173T>A	rs200238771	chr19	41012478	T > A
CYP2B6	21388T>A	rs35979566	chr19	41012693	T > A
CYP2B6	21435G>A	rs193922918	chr19	41012740	G > A
CYP2B6	21498C>A	rs35010098	chr19	41012803	C > A
CYP2B6	25347G>A	rs764288403	chr19	41016652	G > A
CYP2B6	25374G>A	rs374099483	chr19	41016679	G > A
CYP2B6	25421A>G	rs3211369	chr19	41016726	A > G
CYP2B6	25436G>A	rs117872433	chr19	41016741	G > A
CYP2B6	25473G>A	rs564083989	chr19	41016778	G > A
CYP2B6	25500A>T	rs2516199080	chr19	41016805	A > T
CYP2B6	25505C>A	rs3211371	chr19	41016810	C > A
CYP2B6	25505C>T	rs3211371	chr19	41016810	C > T
CYP2C9	1A>G	rs114071557	chr10	94938683	A > G
CYP2C9	37T>G		chr10	94938719	T > G
CYP2C9	55C>A	rs67807361	chr10	94938737	C > A
CYP2C9	89C>T	rs142240658	chr10	94938771	C > T
CYP2C9	106C>T		chr10	94938788	C > T
CYP2C9	118G>A	rs1364419386	chr10	94938800	G > A
CYP2C9	121A>G	rs2031308986	chr10	94938803	A > G
CYP2C9	146A>G	rs564813580	chr10	94938828	A > G
CYP2C9	3215G>C	rs371055887	chr10	94941897	G > C
CYP2C9	3233G>A	rs1216169538	chr10	94941915	G > A
CYP2C9	3276T>C	rs72558187	chr10	94941958	T > C
CYP2C9	3293G>A	rs2493006942	chr10	94941975	G > A
CYP2C9	3294G>C	rs761033063	chr10	94941976	G > C
CYP2C9	3300G>T	rs762239445	chr10	94941982	G > T
CYP2C9	3336T>C		chr10	94942018	T > C
CYP2C9	3531delAGAAATGGAA	rs1304490498	chr10	94942213	_94942222del
CYP2C9	3534A>G	rs774607211	chr10	94942216	A > G
CYP2C9	3548C>T	rs767576260	chr10	94942230	C > T
CYP2C9	3549G>A	rs12414460	chr10	94942231	G > A
CYP2C9	3551C>T	rs375805362	chr10	94942233	C > T
CYP2C9	3552G>A	rs72558189	chr10	94942234	G > A
CYP2C9	3552G>T	rs72558189	chr10	94942234	G > T
CYP2C9	3558C>T	rs530507053	chr10	94942240	C > T
CYP2C9	3561T>G	rs1375956433	chr10	94942243	T > G
CYP2C9	3567C>G	rs200965026	chr10	94942249	C > G
CYP2C9	3567C>T	rs200965026	chr10	94942249	C > T
CYP2C9	3572C>T	rs199523631	chr10	94942254	C > T
CYP2C9	3573G>A	rs200183364	chr10	94942255	G > A
CYP2C9	3608C>T	rs1799853	chr10	94942290	C > T
CYP2C9	3609G>A	rs141489852	chr10	94942291	G > A
CYP2C9	3623G>A	rs754487195	chr10	94942305	G > A
CYP2C9	3624C>T	rs1289704600	chr10	94942306	C > T
CYP2C9	3626C>T	rs17847037	chr10	94942308	C > T
CYP2C9	3627G>A	rs7900194	chr10	94942309	G > A
CYP2C9	3627G>T	rs7900194	chr10	94942309	G > T
CYP2C9	9100C>A	rs72558190	chr10	94947782	C > A
CYP2C9	9103C>T	rs774550549	chr10	94947785	C > T
CYP2C9	9187A>G	rs2492587526	chr10	94947869	A > G
CYP2C9	9225A>C		chr10	94947907	A > C
CYP2C9	9235T>C	rs1326630788	chr10	94947917	T > C
CYP2C9	9256A>T	rs2031531005	chr10	94947938	A > T
CYP2C9	9257G>T	rs370100007	chr10	94947939	G > T
CYP2C9	10447A>G		chr10	94949129	A > G
CYP2C9	10462C>T	rs2492591692	chr10	94949144	C > T
CYP2C9	10463C>T	rs772782449	chr10	94949145	C > T
CYP2C9	10481delT		chr10	94949163	del
CYP2C9	10502T>C	rs369745682	chr10	94949184	T > C
CYP2C9	10535A>G	rs2256871	chr10	94949217	A > G
CYP2C9	10598A>G	rs9332130	chr10	94949280	A > G
CYP2C9	10601delA	rs9332131	chr10	94949283	del
CYP2C9	33437C>A	rs182132442	chr10	94972119	C > A
CYP2C9	33441C>G		chr10	94972123	C > G
CYP2C9	33452A>G	rs2492634549	chr10	94972134	A > G
CYP2C9	33497A>G	rs72558192	chr10	94972179	A > G
CYP2C9	33498C>G	rs988617574	chr10	94972180	C > G
CYP2C9	33501A>T		chr10	94972183	A > T
CYP2C9	33512A>C	rs546318684	chr10	94972194	A > C
CYP2C9	33551C>T	rs1237225311	chr10	94972233	C > T
CYP2C9	42517G>T		chr10	94981199	G > T
CYP2C9	42519T>C	rs57505750	chr10	94981201	T > C
CYP2C9	42542C>T	rs28371685	chr10	94981224	C > T
CYP2C9	42543G>A	rs367826293	chr10	94981225	G > A
CYP2C9	42548C>A	rs1274535931	chr10	94981230	C > A
CYP2C9	42568C>A	rs750820937	chr10	94981250	C > A
CYP2C9	42576C>T	rs1297714792	chr10	94981258	C > T
CYP2C9	42599G>A	rs749060448	chr10	94981281	G > A
CYP2C9	42614A>C	rs1057910	chr10	94981296	A > C
CYP2C9	42615T>C	rs56165452	chr10	94981297	T > C
CYP2C9	42619C>G	rs28371686	chr10	94981301	C > G
CYP2C9	42620C>A	rs1250577724	chr10	94981302	C > A
CYP2C9	42623C>G	rs578144976	chr10	94981305	C > G
CYP2C9	42683C>T	rs2492650213	chr10	94981365	C > T
CYP2C9	42689G>A	rs542577750	chr10	94981371	G > A
CYP2C9	47360A>G	rs764211126	chr10	94986042	A > G
CYP2C9	47391A>C	rs72558193	chr10	94986073	A > C
CYP2C9	47454A>C	rs1254213342	chr10	94986136	A > C
CYP2C9	47492G>C	rs1441296358	chr10	94986174	G > C
CYP2C9	50170C>T	rs776908257	chr10	94988852	C > T
CYP2C9	50173A>T	rs2492662738	chr10	94988855	A > T
CYP2C9	50198G>T	rs2492662839	chr10	94988880	G > T
CYP2C9	50235G>C	rs769942899	chr10	94988917	G > C
CYP2C9	50243A>G	rs202201137	chr10	94988925	A > G
CYP2C9	50273T>C	rs767284820	chr10	94988955	T > C
CYP2C9	50302G>A	rs781583846	chr10	94988984	G > A
CYP2C9	50338C>T	rs9332239	chr10	94989020	C > T
CYP2C9	50341G>T	rs868182778	chr10	94989023	G > T
CYP2C19	-806C>T	rs12248560	chr10	94761900	C > T
CYP2C19	1A>G	rs28399504	chr10	94762706	A > G
CYP2C19	7C>T	rs367543002	chr10	94762712	C > T
CYP2C19	10T>C	rs367543003	chr10	94762715	T > C
CYP2C19	50T>C	rs55752064	chr10	94762755	T > C
CYP2C19	55A>C	rs17882687	chr10	94762760	A > C
CYP2C19	83A>T	rs1564656981	chr10	94762788	A > T
CYP2C19	151A>G	rs1564657013	chr10	94762856	A > G
CYP2C19	12401C>T	rs145328984	chr10	94775106	C > T
CYP2C19	12416C>T	rs1564660997	chr10	94775121	C > T
CYP2C19	12455G>C	rs118203756	chr10	94775160	G > C
CYP2C19	12480A>G	rs1288601658	chr10	94775185	A > G
CYP2C19	12662A>G	rs12769205	chr10	94775367	A > G
CYP2C19	12711T>C	rs41291556	chr10	94775416	T > C
CYP2C19	12718A>C	rs17885179	chr10	94775423	A > C
CYP2C19	12748G>A	rs72552267	chr10	94775453	G > A
CYP2C19	12784G>A	rs17884712	chr10	94775489	G > A
CYP2C19	12802G>A	rs58973490	chr10	94775507	G > A
CYP2C19	17839A>G	rs57700608	chr10	94780544	A > G
CYP2C19	17869G>C	rs140278421	chr10	94780574	G > C
CYP2C19	17874G>A	rs370803989	chr10	94780579	G > A
CYP2C19	17948G>A	rs4986893	chr10	94780653	G > A
CYP2C19	19153C>T	rs6413438	chr10	94781858	C > T
CYP2C19	19154G>A	rs4244285	chr10	94781859	G > A
CYP2C19	19239G>A	rs375781227	chr10	94781944	G > A
CYP2C19	19294T>A	rs72558186	chr10	94781999	T > A
CYP2C19	80156G>A	rs138142612	chr10	94842861	G > A
CYP2C19	80161A>G	rs3758581	chr10	94842866	A > G
CYP2C19	80174G>A	rs118203757	chr10	94842879	G > A
CYP2C19	80290G>A	rs113934938	chr10	94842995	G > A
CYP2C19	87290C>T	rs17879685	chr10	94849995	C > T
CYP2C19	90033C>T	rs56337013	chr10	94852738	C > T
CYP2C19	90060C>T	rs192154563	chr10	94852765	C > T
CYP2C19	90080C>G	rs118203759	chr10	94852785	C > G
CYP2C19	90209A>C	rs55640102	chr10	94852914	A > C
CYP2D6	4214G>A	rs1440526469	chr22	42126578	C > T
CYP2D6	4187C>T	rs568495591	chr22	42126605	G > A
CYP2D6	4181G>C	rs1135840	chr22	42126611	C > G
CYP2D6	4173C>T	rs28371736	chr22	42126619	G > A
CYP2D6	4170T>C	rs747998333	chr22	42126622	A > G
CYP2D6	4169C>G	rs75467367	chr22	42126623	G > C
CYP2D6	4168G>A	rs74478221	chr22	42126624	C > T
CYP2D6	4167T>C		chr22	42126625	A > G
CYP2D6	4165T>G		chr22	42126627	A > C
CYP2D6	4159G>C	rs1135837	chr22	42126633	C > G
CYP2D6	4158T>G		chr22	42126634	A > C
CYP2D6	4157A>C	rs766507177	chr22	42126635	T > G
CYP2D6	4156C>T	rs28371735	chr22	42126636	G > A
CYP2D6	4145G>A	rs141756339	chr22	42126647	C > T
CYP2D6	4135_4136insTGCCCACTG	rs765776661	chr22	42126658	_42126666dup
CYP2D6	4134T>C	rs1135836	chr22	42126658	A > G
CYP2D6	4132A>G	rs1135835	chr22	42126660	T > C
CYP2D6	4129C>G	rs1135833	chr22	42126663	G > C
CYP2D6	4125G>C	rs1135832	chr22	42126667	C > G
CYP2D6	4111C>G		chr22	42126681	G > C
CYP2D6	4095C>A		chr22	42126697	G > T
CYP2D6	4077G>A	rs760940331	chr22	42126715	C > T
CYP2D6	4073G>A	rs369177208	chr22	42126719	C > T
CYP2D6	4057G>A	rs751092905	chr22	42126735	C > T
CYP2D6	4046G>A	rs532668079	chr22	42126746	C > T
CYP2D6	4045C>T	rs730882251	chr22	42126747	G > A
CYP2D6	4043G>A	rs267608319	chr22	42126749	C > T
CYP2D6	4040G>A	rs569439709	chr22	42126752	C > T
CYP2D6	3915C>T	rs3021084	chr22	42126877	G > A
CYP2D6	3896C>T	rs763964554	chr22	42126896	G > A
CYP2D6	3878G>A	rs28371733	chr22	42126914	C > T
CYP2D6	3866C>T	rs747089665	chr22	42126926	G > A
CYP2D6	3854G>A	rs769157652	chr22	42126938	C > T
CYP2D6	3836A>C	rs1931013246	chr22	42126956	T > G
CYP2D6	3830G>C	rs1602566413	chr22	42126962	C > G
CYP2D6	3810delTC	rs757396767	chr22	42126982	_42126983del
CYP2D6	3335G>A	rs77312092	chr22	42127457	C > T
CYP2D6	3319G>A	rs75386357	chr22	42127473	C > T
CYP2D6	3280G>A	rs61745683	chr22	42127512	C > T
CYP2D6	3278T>C	rs1555888899	chr22	42127514	A > G
CYP2D6	3269T>C	rs1555888910	chr22	42127523	A > G
CYP2D6	3266G>A	rs1058172	chr22	42127526	C > T
CYP2D6	3261_3262insTG	rs72549346	chr22	42127532	_42127533dup
CYP2D6	3236A>G	rs202102799	chr22	42127556	T > C
CYP2D6	3227A>G	rs61736517	chr22	42127565	T > C
CYP2D6	3203G>A	rs76088846	chr22	42127589	C > T
CYP2D6	3202C>T	rs72549347	chr22	42127590	G > A
CYP2D6	3199C>G	rs267608295	chr22	42127593	G > C
CYP2D6	3199C>T	rs267608295	chr22	42127593	G > A
CYP2D6	3190G>A	rs566108360	chr22	42127602	C > T
CYP2D6	3187A>C	rs141824015	chr22	42127605	T > G
CYP2D6	3184G>A	rs59421388	chr22	42127608	C > T
CYP2D6	3182A>G	rs748712690	chr22	42127610	T > C
CYP2D6	3181G>A	rs78209835	chr22	42127611	C > T
CYP2D6	3173A>C	rs72549348	chr22	42127619	T > G
CYP2D6	3161G>C	rs141009491	chr22	42127631	C > G
CYP2D6	3158G>T	rs3915951	chr22	42127634	C > A
CYP2D6	2989G>A	rs28371725	chr22	42127803	C > T
CYP2D6	2951G>C	rs72549349	chr22	42127841	C > G
CYP2D6	2950C>T	rs150216909	chr22	42127842	G > A
CYP2D6	2928delGATCCTACATCCGGATGTG	rs730882170	chr22	42127846	_42127864del
CYP2D6	2940G>A	rs79292917	chr22	42127852	C > T
CYP2D6	2936A>C	rs5030867	chr22	42127856	T > G
CYP2D6	2893A>G		chr22	42127899	T > C
CYP2D6	2870T>C	rs1406719554	chr22	42127922	A > G
CYP2D6	2854A>C	rs949717872	chr22	42127938	T > G
CYP2D6	2851C>T	rs16947	chr22	42127941	G > A
CYP2D6	2829delC	rs267608279	chr22	42127963	del
CYP2D6	2819A>G	rs1135829	chr22	42127973	T > C
CYP2D6	2616delAAG	rs5030656	chr22	42128176	_42128178del
CYP2D6	2611T>A	rs1135828	chr22	42128181	A > T
CYP2D6	2607G>A	rs77913725	chr22	42128185	C > T
CYP2D6	2590delCTGA	rs72549351	chr22	42128199	TCAG[1]
CYP2D6	2591_2592insT	rs368858603	chr22	42128201	dup
CYP2D6	2580C>T	rs367543000	chr22	42128212	G > A
CYP2D6	2575C>A	rs148769737	chr22	42128217	G > T
CYP2D6	2580_2581insC	rs72549352	chr22	42128218	dup
CYP2D6	2557C>T	rs267608297	chr22	42128235	G > A
CYP2D6	2550delA	rs35742686	chr22	42128242	del
CYP2D6	2540delAACT	rs72549353	chr22	42128251	_42128254del
CYP2D6	2520A>C		chr22	42128272	T > G
CYP2D6	2484G>T	rs28371717	chr22	42128308	C > A
CYP2D6	2467T>C	rs17002853	chr22	42128325	A > G
CYP2D6	2465delCCT	rs777691989	chr22	42128326	GGA[1]
CYP2D6	2463C>T	rs373813287	chr22	42128329	G > A
CYP2D6	2460G>A	rs993385303	chr22	42128332	C > T
CYP2D6	2452C>T	rs140900383	chr22	42128340	G > A
CYP2D6	2441G>A	rs377725912	chr22	42128351	C > T
CYP2D6	1996delC		chr22	42128796	del
CYP2D6	1985G>A	rs567606867	chr22	42128807	C > T
CYP2D6	1980T>C	rs199535154	chr22	42128812	A > G
CYP2D6	1979C>T	rs150163869	chr22	42128813	G > A
CYP2D6	1977_1978insG	rs72549354	chr22	42128817	dup
CYP2D6	1973_1974insG	rs763609904	chr22	42128820	dup
CYP2D6	1944G>A	rs745365204	chr22	42128848	C > T
CYP2D6	1928G>A	rs755518310	chr22	42128864	C > T
CYP2D6	1916G>A	rs538707090	chr22	42128876	C > T
CYP2D6	1914G>T	rs747884067	chr22	42128878	C > A
CYP2D6	1913T>C	rs2146937045	chr22	42128879	A > G
CYP2D6	1888_1889insTA		chr22	42128903	_42128904insTA
CYP2D6	1866A>G	rs1459127426	chr22	42128926	T > C
CYP2D6	1860G>A	rs556882139	chr22	42128932	C > T
CYP2D6	1864_1865insTTTCGCCCCTTTCGCCCC	rs72549356	chr22	42128934	AAAGGGGCG[3]
CYP2D6	1864_1865insTTTCGCCCC	rs72549356	chr22	42128934	_42128942dup
CYP2D6	1847G>A	rs3892097	chr22	42128945	C > T
CYP2D6	1759G>T	rs5030865	chr22	42129033	C > A
CYP2D6	1759G>A	rs5030865	chr22	42129033	C > T
CYP2D6	1756T>G	rs1135826	chr22	42129036	A > C
CYP2D6	1755C>A	rs1135825	chr22	42129037	G > T
CYP2D6	1750A>G	rs1135824	chr22	42129042	T > C
CYP2D6	1748C>T	rs201006451	chr22	42129044	G > A
CYP2D6	1736G>C	rs774943042	chr22	42129056	C > G
CYP2D6	1721A>C	rs267608302	chr22	42129071	T > G
CYP2D6	1721A>T	rs267608302	chr22	42129071	T > A
CYP2D6	1717G>A	rs28371710	chr22	42129075	C > T
CYP2D6	1708delT	rs5030655	chr22	42129084	del
CYP2D6	1705C>G	rs78482768	chr22	42129087	G > C
CYP2D6	1694A>G	rs569229126	chr22	42129098	T > C
CYP2D6	1679T>C	rs375135093	chr22	42129113	A > G
CYP2D6	1662G>C	rs1058164	chr22	42129130	C > G
CYP2D6	1660G>A	rs61736512	chr22	42129132	C > T
CYP2D6	1658C>T	rs781457579	chr22	42129134	G > A
CYP2D6	1637G>A	rs1180015037	chr22	42129155	C > T
CYP2D6	1636T>C	rs376636053	chr22	42129156	A > G
CYP2D6	1626T>G	rs766391487	chr22	42129166	A > C
CYP2D6	1618G>T	rs1135823	chr22	42129174	C > A
CYP2D6	1612T>A	rs1135822	chr22	42129180	A > T
CYP2D6	1609G>A	rs374616348	chr22	42129183	C > T
CYP2D6	1609G>T	rs374616348	chr22	42129183	C > A
CYP2D6	1052A>G		chr22	42129740	T > C
CYP2D6	1039G>C	rs563185985	chr22	42129753	C > G
CYP2D6	1033G>A	rs535642512	chr22	42129759	C > T
CYP2D6	1027A>G	rs78459009	chr22	42129765	T > C
CYP2D6	1022C>A	rs28371706	chr22	42129770	G > T
CYP2D6	1022C>T	rs28371706	chr22	42129770	G > A
CYP2D6	1021A>T	rs74802369	chr22	42129771	T > A
CYP2D6	1013T>C	rs76187628	chr22	42129779	A > G
CYP2D6	1012G>A	rs267608308	chr22	42129780	C > T
CYP2D6	993C>G	rs76802407	chr22	42129799	G > C
CYP2D6	983A>G	rs28371704	chr22	42129809	T > C
CYP2D6	973C>A	rs28371703	chr22	42129819	G > T
CYP2D6	971C>T	rs267608309	chr22	42129821	G > A
CYP2D6	965G>C	rs267608276	chr22	42129827	C > G
CYP2D6	956C>T	rs267608310	chr22	42129836	G > A
CYP2D6	912C>A	rs1477736084	chr22	42129880	G > T
CYP2D6	905T>G	rs1456026511	chr22	42129887	A > C
CYP2D6	893G>A	rs1415188318	chr22	42129899	C > T
CYP2D6	882G>C	rs201377835	chr22	42129910	C > G
CYP2D6	154C>T	rs536109057	chr22	42130638	G > A
CYP2D6	137_138insT	rs774671100	chr22	42130655	dup
CYP2D6	125G>A	rs118203758	chr22	42130667	C > T
CYP2D6	124G>A	rs5030862	chr22	42130668	C > T
CYP2D6	122C>T	rs373243894	chr22	42130670	G > A
CYP2D6	100C>T	rs1065852	chr22	42130692	G > A
CYP2D6	82C>T	rs138100349	chr22	42130710	G > A
CYP2D6	77G>A	rs28371696	chr22	42130715	C > T
CYP2D6	73C>T	rs267608313	chr22	42130719	G > A
CYP2D6	64delC		chr22	42130729	del
CYP2D6	31G>A	rs769258	chr22	42130761	C > T
CYP2D6	19G>A	rs72549358	chr22	42130773	C > T
CYP2D6	14C>T	rs773790593	chr22	42130778	G > A
CYP2D6	9_10insA	rs1240247139	chr22	42130783	dup
CYP3A5	27126_27127insT	rs41303343	chr7	99652771	dup
CYP3A5	19381G>A	rs28383479	chr7	99660516	C > T
CYP3A5	14685G>A	rs10264272	chr7	99665212	C > T
CYP3A5	6981A>G	rs776746	chr7	99672916	T > C
CYP3A5	3699C>T	rs55817950	chr7	99676198	G > A
CYP4F2	18833C>A	rs3093200	chr19	15878779	G > T
CYP4F2	18726C>G	rs3952537	chr19	15878886	G > C
CYP4F2	18692A>G	rs4020346	chr19	15878920	T > C
CYP4F2	18200G>A	rs138971789	chr19	15879412	C > T
CYP4F2	18199C>T	rs142113670	chr19	15879413	G > A
CYP4F2	17991G>A	rs2108622	chr19	15879621	C > T
CYP4F2	11594C>G	rs145174239	chr19	15886018	G > C
CYP4F2	7941G>T	rs144233412	chr19	15889671	C > A
CYP4F2	7207G>T	rs3093153	chr19	15890405	C > A
CYP4F2	5233C>T	rs200629062	chr19	15892379	G > A
CYP4F2	5214C>T	rs556151888	chr19	15892398	G > A
CYP4F2	5071G>A	rs145875499	chr19	15892541	C > T
CYP4F2	2086G>A	rs148396222	chr19	15895526	C > T
CYP4F2	2085C>T	rs114396708	chr19	15895527	G > A
CYP4F2	2061A>G	rs150579280	chr19	15895551	T > C
CYP4F2	2052C>A	rs144455532	chr19	15895560	G > T
CYP4F2	146G>A	rs201380574	chr19	15897466	C > T
CYP4F2	139C>T	rs115517770	chr19	15897473	G > A
CYP4F2	46G>C	rs114099324	chr19	15897566	C > G
CYP4F2	34T>G	rs3093105	chr19	15897578	A > C
DPYD	c.3067C>A	rs114096998	chr1	97078987	G > T
DPYD	c.3061G>C	rs148799944	chr1	97078993	C > G
DPYD	c.3049G>A	rs140114515	chr1	97079005	C > T
DPYD	c.2983G>T	rs1801268	chr1	97079071	C > A
DPYD	c.2978T>G	rs139459586	chr1	97079076	A > C
DPYD	c.2977C>T	rs202144771	chr1	97079077	G > A
DPYD	c.2933A>G	rs72547601	chr1	97079121	T > C
DPYD	c.2921A>T	rs72547602	chr1	97079133	T > A
DPYD	c.2915A>G	rs145529148	chr1	97079139	T > C
DPYD	c.2872A>G	rs141044036	chr1	97082365	T > C
DPYD	c.2846A>T	rs67376798	chr1	97082391	T > A
DPYD	c.2657G>A	rs1801267	chr1	97098598	C > T
DPYD	c.2656C>T	rs147545709	chr1	97098599	G > A
DPYD	c.2639G>T	rs55674432	chr1	97098616	C > A
DPYD	c.2623A>C	rs201035051	chr1	97098632	T > G
DPYD	c.2582A>G	rs60139309	chr1	97193109	T > C
DPYD	c.2482G>A	rs200687447	chr1	97193209	C > T
DPYD	c.2336C>A	rs199634007	chr1	97234958	G > T
DPYD	c.2303C>A	rs56005131	chr1	97234991	G > T
DPYD	c.2279C>T	rs112766203	chr1	97305279	G > A
DPYD	c.2195T>G	rs60511679	chr1	97305363	A > C
DPYD	c.2194G>A	rs1801160	chr1	97305364	C > T
DPYD	c.2186C>T	rs146529561	chr1	97305372	G > A
DPYD	c.2161G>A	rs145548112	chr1	97306195	C > T
DPYD	c.2021G>A	rs137999090	chr1	97373598	C > T
DPYD	c.1990G>T	rs138545885	chr1	97373629	C > A
DPYD	c.1906A>C	rs55971861	chr1	97382461	T > G
DPYD	c.1905+1G>A	rs3918290	chr1	97450058	C > T
DPYD	c.1905C>G	rs3918289	chr1	97450059	G > C
DPYD	c.1898del	rs72549303	chr1	97450067	del
DPYD	c.1896T>C	rs17376848	chr1	97450068	A > G
DPYD	c.1796T>C	rs147601618	chr1	97450168	A > G
DPYD	c.1777G>A	rs145773863	chr1	97450187	C > T
DPYD	c.1775G>A	rs138616379	chr1	97450189	C > T
DPYD	c.1774C>T	rs59086055	chr1	97450190	G > A
DPYD	c.1682G>T	rs201615754	chr1	97515784	C > A
DPYD	c.1679T>G	rs55886062	chr1	97515787	A > C
DPYD	c.1627A>G	rs1801159	chr1	97515839	T > C
DPYD	c.1615G>A	rs142619737	chr1	97515851	C > T
DPYD	c.1601G>A	rs1801158	chr1	97515865	C > T
DPYD	c.1577C>G	rs190951787	chr1	97515889	G > C
DPYD	c.1543G>A	rs148994843	chr1	97515923	C > T
DPYD	c.1519G>A	rs138391898	chr1	97549565	C > T
DPYD	c.1484A>G	rs111858276	chr1	97549600	T > C
DPYD	c.1475C>T	rs72549304	chr1	97549609	G > A
DPYD	c.1403C>A	rs199549923	chr1	97549681	G > T
DPYD	c.1371C>T	rs57918000	chr1	97549713	G > A
DPYD	c.1358C>G	rs144395748	chr1	97549726	G > C
DPYD	c.1349C>T	rs72975710	chr1	97549735	G > A
DPYD	c.1314T>G	rs186169810	chr1	97573785	A > C
DPYD	c.1294G>A	rs142512579	chr1	97573805	C > T
DPYD	c.1278G>T	rs764666241	chr1	97573821	C > A
DPYD	c.1260T>A	rs200064537	chr1	97573839	A > T
DPYD	c.1236G>A	rs56038477	chr1	97573863	C > T
DPYD	c.1218G>A	rs61622928	chr1	97573881	C > T
DPYD	c.1181G>T	rs143815742	chr1	97573918	C > A
DPYD	c.1180C>T	rs140602333	chr1	97573919	G > A
DPYD	c.1156G>T	rs78060119	chr1	97573943	C > A
DPYD	c.1129-5923C>G	rs75017182	chr1	97579893	G > C
DPYD	c.1108A>G	rs72549305	chr1	97593238	T > C
DPYD	c.1057C>T	rs143154602	chr1	97593289	G > A
DPYD	c.1024G>A	rs183385770	chr1	97593322	C > T
DPYD	c.1003G>T	rs72549306	chr1	97593343	C > A
DPYD	c.967G>A	rs201018345	chr1	97593379	C > T
DPYD	c.934C>T	rs145112791	chr1	97595083	G > A
DPYD	c.929T>C	rs150437414	chr1	97595088	A > G
DPYD	c.868A>G	rs146356975	chr1	97595149	T > C
DPYD	c.775A>G	rs45589337	chr1	97679170	T > C
DPYD	c.703C>T	rs1801266	chr1	97691776	G > A
DPYD	c.632A>G	rs72549307	chr1	97699399	T > C
DPYD	c.601A>C	rs72549308	chr1	97699430	T > G
DPYD	c.557A>G	rs115232898	chr1	97699474	T > C
DPYD	c.525G>A	rs6670886	chr1	97699506	C > T
DPYD	c.498G>A	rs139834141	chr1	97699533	C > T
DPYD	c.496A>G	rs2297595	chr1	97699535	T > C
DPYD	c.451A>G	rs200562975	chr1	97721542	T > C
DPYD	c.343A>G	rs141462178	chr1	97721650	T > C
DPYD	c.313G>A	rs150385342	chr1	97740400	C > T
DPYD	c.299_302del	rs72549309	chr1	97740411	ATGA[1]
DPYD	c.85T>C	rs1801265	chr1	97883329	A > G
DPYD	c.62G>A	rs80081766	chr1	97883352	C > T
DPYD	c.61C>T	rs72549310	chr1	97883353	G > A
DPYD	c.46C>G	rs150036960	chr1	97883368	G > C
G6PD	c.1502T>G		chrX	154532046	A > C
G6PD	c.1488_1490delGAA		chrX	154532058	_154532060delTTC
G6PD	c.1466C>T		chrX	154532082	G > A
G6PD	c.1465C>T		chrX	154532083	G > A
G6PD	c.1463G>T		chrX	154532085	C > A
G6PD	c.1462G>A		chrX	154532086	C > T
G6PD	c.1442C>G	rs137852348	chrX	154532203	G > C
G6PD	c.1414A>C		chrX	154532231	T > G
G6PD	c.1400C>G	rs137852344	chrX	154532245	G > C
G6PD	c.1388G>A	rs72554664	chrX	154532257	C > T
G6PD	c.1387C>A		chrX	154532258	G > T
G6PD	c.1387C>T		chrX	154532258	G > A
G6PD	c.1381G>A	rs782608284	chrX	154532264	C > T
G6PD	c.1380G>C		chrX	154532265	C > G
G6PD	c.1376G>T	rs72554665	chrX	154532269	C > A
G6PD	c.1376G>C	rs72554665	chrX	154532269	C > G
G6PD	c.1367A>T		chrX	154532278	T > A
G6PD	c.1366G>C		chrX	154532279	C > G
G6PD	c.1361G>A	rs137852324	chrX	154532389	C > T
G6PD	c.1360C>T	rs398123546	chrX	154532390	G > A
G6PD	c.1358T>A		chrX	154532392	A > T
G6PD	c.1347G>C		chrX	154532403	C > G
G6PD	c.1342A>G		chrX	154532408	T > C
G6PD	c.1339G>A	rs137852317	chrX	154532411	C > T
G6PD	c.1318C>T		chrX	154532432	G > A
G6PD	c.1316G>C	rs137852337	chrX	154532434	C > G
G6PD	c.1311C>T	rs2230037	chrX	154532439	G > A
G6PD	c.1292T>G		chrX	154532458	A > C
G6PD	c.1291G>A	rs782098548	chrX	154532459	C > T
G6PD	c.1284C>A		chrX	154532570	G > T
G6PD	c.1264C>G		chrX	154532590	G > C
G6PD	c.1246G>A		chrX	154532608	C > T
G6PD	c.1231A>G		chrX	154532623	T > C
G6PD	c.1229G>A	rs137852336	chrX	154532625	C > T
G6PD	c.1229G>C	rs137852336	chrX	154532625	C > G
G6PD	c.1228G>T	rs137852323	chrX	154532626	C > A
G6PD	c.1226C>G		chrX	154532628	G > C
G6PD	c.1225C>T		chrX	154532629	G > A
G6PD	c.1220A>C		chrX	154532634	T > G
G6PD	c.1215G>A		chrX	154532639	C > T
G6PD	c.1205C>A		chrX	154532649	G > T
G6PD	c.1193A>G		chrX	154532661	T > C
G6PD	c.1192G>A	rs137852325	chrX	154532662	C > T
G6PD	c.1187C>T		chrX	154532667	G > A
G6PD	c.1180G>C	rs137852335	chrX	154532674	C > G
G6PD	c.1178G>A	rs137852316	chrX	154532676	C > T
G6PD	c.1177C>G		chrX	154532677	G > C
G6PD	c.1175T>C		chrX	154532679	A > G
G6PD	c.1166A>G		chrX	154532688	T > C
G6PD	c.1162A>G		chrX	154532692	T > C
G6PD	c.1160G>A	rs137852321	chrX	154532694	C > T
G6PD	c.1159C>T	rs137852334	chrX	154532695	G > A
G6PD	c.1156A>G	rs137852320	chrX	154532698	T > C
G6PD	c.1155C>G		chrX	154532699	G > C
G6PD	c.1154G>T		chrX	154532700	C > A
G6PD	c.1153T>C	rs137852322	chrX	154532701	A > G
G6PD	c.1141T>C		chrX	154532713	A > G
G6PD	c.1139T>C		chrX	154532715	A > G
G6PD	c.1138A>G		chrX	154532716	T > C
G6PD	c.1132G>A	rs371489738	chrX	154532722	C > T
G6PD	c.1084_1101delCTGAACGAGCGCAAGGCC		chrX	154532753	_154532770delGGCCTTGCGCTCGTTCAG
G6PD	c.1096A>G		chrX	154532758	T > C
G6PD	c.1089C>G	rs137852329	chrX	154532765	G > C
G6PD	c.1089C>A	rs137852329	chrX	154532765	G > T
G6PD	c.1082C>T	rs137852345	chrX	154532772	G > A
G6PD	c.1081G>A		chrX	154532773	C > T
G6PD	c.1057C>T	rs137852333	chrX	154532797	G > A
G6PD	c.1052G>T		chrX	154532802	C > A
G6PD	c.1048G>C	rs34193178	chrX	154532945	C > G
G6PD	c.1037A>T	rs398123544	chrX	154532956	T > A
G6PD	c.1024C>T	rs137852342	chrX	154532969	G > A
G6PD	c.1006A>G		chrX	154532987	T > C
G6PD	c.1004C>A		chrX	154532989	G > T
G6PD	c.1003G>A	rs5030869	chrX	154532990	C > T
G6PD	c.1000_1002delACC		chrX	154532991	_154532993delGGT
G6PD	c.989G>A		chrX	154533004	C > T
G6PD	c.955_988delACCAAAGGGTACCTGGACGACCCC		chrX	154533015	_154533038delGGGGTCGTCCAGGTACCCTTTGGT
G6PD	c.977C>A		chrX	154533016	G > T
G6PD	c.968T>C	rs76723693	chrX	154533025	A > G
G6PD	c.964T>C	rs137852347	chrX	154533029	A > G
G6PD	c.962G>A		chrX	154533031	C > T
G6PD	c.949G>A	rs137852339	chrX	154533044	C > T
G6PD	c.929G>A		chrX	154533064	C > T
G6PD	c.921G>C		chrX	154533072	C > G
G6PD	c.916G>A		chrX	154533077	C > T
G6PD	c.910G>T		chrX	154533083	C > A
G6PD	c.871G>A	rs137852327	chrX	154533122	C > T
G6PD	c.854G>A	rs74575103	chrX	154533586	C > T
G6PD	c.853C>T		chrX	154533587	G > A
G6PD	c.851T>C		chrX	154533589	A > G
G6PD	c.849C>A		chrX	154533591	G > T
G6PD	c.848A>G		chrX	154533592	T > C
G6PD	c.844G>T	rs137852318	chrX	154533596	C > A
G6PD	c.844G>C	rs137852318	chrX	154533596	C > G
G6PD	c.835A>G		chrX	154533605	T > C
G6PD	c.835A>T		chrX	154533605	T > A
G6PD	c.833C>T		chrX	154533607	G > A
G6PD	c.832T>C		chrX	154533608	A > G
G6PD	c.826C>T		chrX	154533614	G > A
G6PD	c.825G>C		chrX	154533615	C > G
G6PD	c.821A>T		chrX	154533619	T > A
G6PD	c.820G>A		chrX	154533620	C > T
G6PD	c.811G>C		chrX	154533629	C > G
G6PD	c.806G>A	rs137852346	chrX	154533634	C > T
G6PD	c.769C>G		chrX	154534036	G > C
G6PD	c.724_729delGGCACT		chrX	154534076	_154534081delAGTGCC
G6PD	c.713A>G		chrX	154534092	T > C
G6PD	c.703C>T	rs782757170	chrX	154534102	G > A
G6PD	c.695G>A		chrX	154534110	C > T
G6PD	c.683_685delACA		chrX	154534120	_154534122delTGT
G6PD	c.680G>A	rs137852328	chrX	154534125	C > T
G6PD	c.680G>T	rs137852328	chrX	154534125	C > A
G6PD	c.679C>T		chrX	154534126	G > A
G6PD	c.648T>G	rs137852319	chrX	154534157	A > C
G6PD	c.637G>T	rs137852326	chrX	154534345	C > A
G6PD	c.634A>G	rs782754619	chrX	154534348	T > C
G6PD	c.595A>G	rs781865768	chrX	154534387	T > C
G6PD	c.593G>A	rs137852332	chrX	154534389	C > T
G6PD	c.593G>C	rs137852332	chrX	154534389	C > G
G6PD	c.592C>T	rs137852330	chrX	154534390	G > A
G6PD	c.573C>G		chrX	154534409	G > C
G6PD	c.563C>T	rs5030868	chrX	154534419	G > A
G6PD	c.561_563delCTC		chrX	154534419	_154534421delGAG
G6PD	c.544C>T	rs267606836	chrX	154534438	G > A
G6PD	c.542A>T	rs5030872	chrX	154534440	T > A
G6PD	c.535A>T		chrX	154534447	T > A
G6PD	c.527A>G		chrX	154534455	T > C
G6PD	c.519C>G		chrX	154534463	G > C
G6PD	c.517T>C	rs137852343	chrX	154534465	A > G
G6PD	c.514C>T		chrX	154534468	G > A
G6PD	c.497G>A		chrX	154534485	C > T
G6PD	c.496C>T		chrX	154534486	G > A
G6PD	c.493A>G	rs137852331	chrX	154534489	T > C
G6PD	c.488G>A		chrX	154534494	C > T
G6PD	c.487G>A	rs137852314	chrX	154534495	C > T
G6PD	c.477G>C	rs370918918	chrX	154535176	C > G
G6PD	c.473G>A	rs782487723	chrX	154535180	C > T
G6PD	c.466G>A	rs137852313	chrX	154535187	C > T
G6PD	c.463C>G		chrX	154535190	G > C
G6PD	c.442G>A		chrX	154535211	C > T
G6PD	c.409C>T		chrX	154535244	G > A
G6PD	c.406C>T		chrX	154535247	G > A
G6PD	c.404A>C	rs782322505	chrX	154535249	T > G
G6PD	c.392G>T		chrX	154535261	C > A
G6PD	c.384C>T		chrX	154535269	G > A
G6PD	c.383T>G	rs78365220	chrX	154535270	A > C
G6PD	c.383T>C	rs78365220	chrX	154535270	A > G
G6PD	c.379G>T		chrX	154535274	C > A
G6PD	c.376A>G	rs1050829	chrX	154535277	T > C
G6PD	c.375G>T		chrX	154535278	C > A
G6PD	c.352T>C		chrX	154535301	A > G
G6PD	c.337G>A	rs5030870	chrX	154535316	C > T
G6PD	c.323T>A		chrX	154535330	A > T
G6PD	c.317C>G	rs267606835	chrX	154535336	G > C
G6PD	c.311G>A	rs181277621	chrX	154535342	C > T
G6PD	c.281_283delAGA		chrX	154535370	_154535372delTCT
G6PD	c.274C>T		chrX	154535379	G > A
G6PD	c.242G>A	rs782308266	chrX	154535962	C > T
G6PD	c.241C>T	rs138687036	chrX	154535963	G > A
G6PD	c.224T>C		chrX	154535980	A > G
G6PD	c.209A>G	rs782090947	chrX	154535995	T > C
G6PD	c.208T>C	rs137852349	chrX	154535996	A > G
G6PD	c.202G>A	rs1050828	chrX	154536002	C > T
G6PD	c.196T>A		chrX	154536008	A > T
G6PD	c.185C>T		chrX	154536019	G > A
G6PD	c.185C>A		chrX	154536019	G > T
G6PD	c.180_182delTCT		chrX	154536022	_154536024delAGA
G6PD	c.179T>C		chrX	154536025	A > G
G6PD	c.172G>A	rs137852315	chrX	154536032	C > T
G6PD	c.170G>A		chrX	154536034	C > T
G6PD	c.169C>T		chrX	154536035	G > A
G6PD	c.159G>C		chrX	154536045	C > G
G6PD	c.148C>T		chrX	154536151	G > A
G6PD	c.143T>C	rs76645461	chrX	154536156	A > G
G6PD	c.131C>G	rs78478128	chrX	154536168	G > C
G6PD	c.130G>A		chrX	154536169	C > T
G6PD	c.110T>C		chrX	154546046	A > G
G6PD	c.103_105delATC	rs137852338	chrX	154546051	_154546053delGAT
G6PD	c.99A>G		chrX	154546057	T > C
G6PD	c.95A>G	rs137852340	chrX	154546061	T > C
G6PD	c.40G>A		chrX	154546116	C > T
G6PD	c.34G>T		chrX	154546122	C > A
G6PD	c.25C>T		chrX	154546131	G > A
IFNL3	-1595G>A	rs12979860	chr19	39248147	C > T
NUDT15	2T>C	rs769369441	chr13	48037748	T > C
NUDT15	3G>C		chr13	48037749	G > C
NUDT15	50delGAGTCG	rs746071566	chr13	48037784	GAGTCG[2]
NUDT15	55_56insGAGTCG	rs746071566	chr13	48037784	GAGTCG[4]
NUDT15	52G>A	rs186364861	chr13	48037798	G > A
NUDT15	80_81insCGGG	rs777311140	chr13	48037826	_48037827insCGGG
NUDT15	88C>T	rs1202487323	chr13	48037834	C > T
NUDT15	101G>C	rs766023281	chr13	48037847	G > C
NUDT15	103A>G		chr13	48037849	A > G
NUDT15	139G>A	rs1950545307	chr13	48037885	G > A
NUDT15	156C>G	rs149436418	chr13	48037902	C > G
NUDT15	3236delA	rs1457579126	chr13	48040982	del
NUDT15	3358_3359insG	rs761191455	chr13	48041104	dup
NUDT15	3367G>T	rs1368252918	chr13	48041113	G > T
NUDT15	7944C>G	rs768324690	chr13	48045690	C > G
NUDT15	7968G>C	rs1185228044	chr13	48045714	G > C
NUDT15	7973C>T	rs116855232	chr13	48045719	C > T
NUDT15	7974G>A	rs147390019	chr13	48045720	G > A
NUDT15	8025T>A	rs139551410	chr13	48045771	T > A
SLCO1B1	1A>T	rs185905373	chr12	21141575	A > T
SLCO1B1	31101G>C	rs556524705	chr12	21172675	G > C
SLCO1B1	31160C>T	rs139257324	chr12	21172734	C > T
SLCO1B1	31161G>A	rs61760182	chr12	21172735	G > A
SLCO1B1	31202G>A	rs373327528	chr12	21172776	G > A
SLCO1B1	31208T>C	rs56101265	chr12	21172782	T > C
SLCO1B1	35230A>G	rs2306283	chr12	21176804	A > G
SLCO1B1	35294A>G	rs2306282	chr12	21176868	A > G
SLCO1B1	35297G>C	rs145144129	chr12	21176871	G > C
SLCO1B1	35305C>A	rs11045819	chr12	21176879	C > A
SLCO1B1	35324G>T	rs77271279	chr12	21176898	G > T
SLCO1B1	37038A>G	rs141467543	chr12	21178612	A > G
SLCO1B1	37041T>C	rs4149056	chr12	21178615	T > C
SLCO1B1	37079C>G	rs200331427	chr12	21178653	C > G
SLCO1B1	37352A>G	rs201722521	chr12	21178926	A > G
SLCO1B1	37383A>G	rs79135870	chr12	21178957	A > G
SLCO1B1	55377A>G	rs11045852	chr12	21196951	A > G
SLCO1B1	55401C>T	rs183501729	chr12	21196975	C > T
SLCO1B1	55402G>A	rs11045853	chr12	21196976	G > A
SLCO1B1	58970C>G	rs72559747	chr12	21200544	C > G
SLCO1B1	59021T>C	rs55901008	chr12	21200595	T > C
SLCO1B1	59099G>A	rs756393362	chr12	21200673	G > A
SLCO1B1	60979T>G	rs1228465562	chr12	21202553	T > G
SLCO1B1	60981C>G	rs59113707	chr12	21202555	C > G
SLCO1B1	61090G>A	rs142965323	chr12	21202664	G > A
SLCO1B1	64347A>G	rs72559748	chr12	21205921	A > G
SLCO1B1	64425G>C	rs59502379	chr12	21205999	G > C
SLCO1B1	64457A>G	rs74064213	chr12	21206031	A > G
SLCO1B1	80781C>T	rs71581941	chr12	21222355	C > T
SLCO1B1	83266G>A	rs200994482	chr12	21224840	G > A
SLCO1B1	97468A>C	rs34671512	chr12	21239042	A > C
SLCO1B1	97503A>G	rs56199088	chr12	21239077	A > G
SLCO1B1	97539A>G	rs55737008	chr12	21239113	A > G
SLCO1B1	97571C>T	rs200995543	chr12	21239145	C > T
SLCO1B1	97584C>T	rs140790673	chr12	21239158	C > T
TPMT	719A>G	rs1142345	chr6	18130687	T > C
TPMT	719A>C	rs1142345	chr6	18130687	T > G
TPMT	712A>G	rs150900439	chr6	18130694	T > C
TPMT	681T>G	rs72552736	chr6	18130725	A > C
TPMT	677G>A	rs139392616	chr6	18130729	C > T
TPMT	648T>A	rs398122996	chr6	18130758	A > T
TPMT	644G>A	rs56161402	chr6	18130762	C > T
TPMT	634T>C	rs377085266	chr6	18130772	A > G
TPMT	626-1G>A	rs1800584	chr6	18130781	C > T
TPMT	622T>C	rs72556347	chr6	18132136	A > G
TPMT	611T>C	rs79901429	chr6	18132147	A > G
TPMT	595G>A		chr6	18132163	C > T
TPMT	539A>T	rs75543815	chr6	18133845	T > A
TPMT	537G>T	rs6921269	chr6	18133847	C > A
TPMT	514T>C	rs772832951	chr6	18133870	A > G
TPMT	500C>G	rs74423290	chr6	18133884	G > C
TPMT	497A>G	rs201695576	chr6	18133887	T > C
TPMT	495-1G>A	rs9333570	chr6	18133890	C > T
TPMT	488G>A	rs144041067	chr6	18138969	C > T
TPMT	488G>C	rs144041067	chr6	18138969	C > G
TPMT	487C>T	rs112339338	chr6	18138970	G > A
TPMT	460G>A	rs1800460	chr6	18138997	C > T
TPMT	430G>C	rs72552737	chr6	18139027	C > G
TPMT	395G>A	rs72552738	chr6	18139689	C > T
TPMT	374C>T	rs200220210	chr6	18139710	G > A
TPMT	365A>C		chr6	18143597	T > G
TPMT	356A>C	rs151149760	chr6	18143606	T > G
TPMT	349G>C		chr6	18143613	C > G
TPMT	340G>A	rs115106679	chr6	18143622	C > T
TPMT	319T>G		chr6	18143643	A > C
TPMT	262G>A	rs753545734	chr6	18143700	C > T
TPMT	244C>T	rs111901354	chr6	18143718	G > A
TPMT	238G>C	rs1800462	chr6	18143724	C > G
TPMT	234G>T	rs1256618794	chr6	18143728	C > A
TPMT	218C>T	rs281874771	chr6	18147838	G > A
TPMT	211G>A	rs777686348	chr6	18147845	C > T
TPMT	205C>G	rs200591577	chr6	18147851	G > C
TPMT	200T>C		chr6	18147856	A > G
TPMT	146T>C	rs72552740	chr6	18147910	A > G
TPMT	124C>G		chr6	18149004	G > C
TPMT	106G>A	rs750424422	chr6	18149022	C > T
TPMT	95_96insA	rs759836180	chr6	18149032	_18149033insT
TPMT	83A>T	rs72552742	chr6	18149045	T > A
TPMT	2T>C	rs267607275	chr6	18149126	A > G
TPMT	1A>G	rs9333569	chr6	18149127	T > C
UGT1A1	-364C>T	rs887829	chr2	233759924	C > T
UGT1A1	CA(TA)5TAA CA(TA)6TAA CA(TA)7TAA CA(TA)8TAA	rs3064744	chr2	233760235	TA[6]
UGT1A1	CA(TA)5TAA CA(TA)6TAA CA(TA)7TAA CA(TA)8TAA	rs3064744	chr2	233760235	TA[7]
UGT1A1	CA(TA)5TAA CA(TA)6TAA CA(TA)7TAA CA(TA)8TAA	rs3064744	chr2	233760235	TA[8]
UGT1A1	CA(TA)5TAA CA(TA)6TAA CA(TA)7TAA CA(TA)8TAA	rs3064744	chr2	233760235	TA[9]
UGT1A1	211G>A	rs4148323	chr2	233760498	G > A
UGT1A1	686C>A	rs35350960	chr2	233760973	C > A
VKORC1	-1639G>A	rs9923231	chr16	31096368	C > T
