Frequencies of DPYD alleles in biogeographical groups,Unnamed: 1,Unnamed: 2,Unnamed: 3,Unnamed: 4,Unnamed: 5,Unnamed: 6
DPYD allele,African American/Afro-Caribbean,Central/South Asian,East Asian,European,Latino,Sub-Saharan African
c.46C>G,,0.0,0.0,0.000013740047,0.0,
c.62G>A,,0.0,0.0,0.000037312337,0.0,
c.85T>C (*9A),0.42713377,0.25525716,0.076328315,0.22749932,0.20892397,0.4464008
c.295_298delTCAT (*7),,0.0,0.0,0.00018195312,0.00010,
c.313G>A,,0.0,0.0,0.0000136468225,0.0,
c.343A>G,,0.0,0.0,0.000013736458,0.0,
c.451A>G,0.0,0.0,0.00035729833,0.000013283231,0.011174424,0.0
c.496A>G,0.03187898,0.085167445,0.015562055,0.11037259,0.036260653,0.03082738
c.525G>A,0.0,0.0,0.000081102364,0.0,0.00014510652,0.0019642857
c.557A>G,0.01233121,0.0,0.0,0.00008854784,0.0012139219,0.025914682
c.601A>C,,0.0,0.0,0.00004094045,0.0,
c.632A>G,,0.0,0.0,0.000013646893,0.0,
c.703C>T (*8),,0.00020,0.0,0.00009098349,0.0,
c.775A>G,0.0030573248,0.0068804934,0.0,0.015303651,0.007314514,0.0
c.868A>G,0.0,0.0,0.0,0.0,0.00033666822,0.002017857
c.929T>C,,0.0,0.0,0.000013648342,0.0,
c.934C>T,,0.0,0.0,0.000013648715,0.0,
c.967G>A,0.0,0.00017881511,0.0,0.000041703854,0.0,0.0
c.1003G>T (*11),,0.0,0.00010,0.0,0.0,
c.1024G>A,0.0031082802,0.0,0.0,0.0,0.0,0.0
c.1108A>G,0.0,0.00028279895,0.0,0.0,0.0,0.0
"c.1129-5923C>G, c.1236G>A (HapB3)",0.0031082802,0.019658487,0.0,0.023735587,0.005925072,0.0
c.1180C>T,,0.0,0.0,0.0,0.00010,
c.1181G>T,0.0,0.0,0.0,0.0000132841415,0.0,0.0008968254
c.1218G>A,0.06372611,0.00017881053,0.0,0.0002832076,0.0022634026,0.08245437
c.1260T>A,0.0,0.0,0.0,0.0005544641,0.0,0.0
c.1278G>T,,0.0,0.0,0.000013647595,0.0,
c.1294G>A,,0.0,0.0,0.0,0.00010,
c.1314T>G,0.0,0.0,0.00068351155,0.0,0.0,0.0
c.1349C>T,0.0,0.0,0.0,0.0,0.00008888889,0.003892857
c.1358C>G,0.0030573248,0.0,0.0,0.0,0.0,0.002017857
c.1371C>T,0.015828025,0.00008935568,0.0,0.00017700421,0.00071320933,0.020694444
c.1403C>A,0.0,0.0,0.0,0.000039617094,0.0,0.0
c.1475C>T,,0.00020,0.0,0.0,0.0,
c.1519G>A,,0.0,0.0,0.000013648505,0.0,
c.1543G>A,,0.0,0.0,0.00009100371,0.0,
c.1577C>G,0.0,0.0,0.0,0.0,0.0003390512,0.0
c.1601G>A (*4),0.009713376,0.008595228,0.0,0.019760394,0.009438756,0.0
c.1615G>A,0.0031082802,0.0,0.0,0.000013374884,0.0,0.0041011903
c.1627A>G (*5),0.14005096,0.09372777,0.25466427,0.19492984,0.3070716,0.157875
c.1679T>G (*13),0.0,0.0,0.0,0.00055783015,0.0,0.0
c.1682G>T,,0.00010,0.0,0.000013742599,0.00010,
c.1774C>T,0.0,0.0,0.0015735973,0.000013284529,0.0,0.0
c.1775G>A,,0.0,0.0,0.0,0.0,
c.1777G>A,,0.0,0.0,0.00001365011,0.0,
c.1796T>C,,0.0,0.0,0.000090990965,0.0,
c.1896T>C,0.03187898,0.03587631,0.12373856,0.03787994,0.08113257,0.007970238
c.1905+1G>A (*2A),0.0031082802,0.005076194,0.0,0.007917321,0.00078298897,0.0
c.1905C>G,0.0,0.0,0.0,0.000054979286,0.0,0.0
c.1906A>C,,0.0,0.0,0.0,0.00020,
c.1990G>T,,0.0,0.0,0.0,0.0,
c.2021G>A,,0.0,0.0,0.0,0.0,
c.2161G>A,0.0,0.000089406414,0.0,0.0001946586,0.00023592282,0.0009821429
c.2186C>T,,0.0,0.0,0.00001364734,0.0,
c.2194G>A (*6),0.016,0.09505568,0.018249057,0.044963934,0.027319003,0.02695635
c.2195T>G,0.0,0.0,0.0,0.0,0.0,0.0019285714
c.2279C>T,0.0,0.0060296794,0.0,0.0,0.0,0.0
c.2303C>A,0.0,0.0,0.0018162305,0.0,0.0,0.0
c.2336C>A,0.0,0.0,0.0010211836,0.000013281931,0.0,0.0
c.2482G>A,0.0,0.000089115194,0.0,0.0001131909,0.0,0.0
c.2582A>G,0.0,0.00029061755,0.0,0.0,0.0,0.0
c.2623A>C,0.0,0.0,0.00028225806,0.0,0.0,0.0
c.2639G>T,,0.00070,0.0,0.0,0.0,
c.2656C>T,,0.001,0.00010,0.00036403185,0.00010,
c.2657G>A (*9B),0.0,0.00016493561,0.00032379513,0.000013373986,0.0,0.0
c.2846A>T,0.0031082802,0.000640429,0.0,0.0037400308,0.0020888615,0.0
c.2872A>G,,0.0,0.0,0.00001364737,0.0,
c.2915A>G,0.00922293,0.0,0.0,0.0,0.00008924864,0.0
c.2977C>T,0.0,0.0,0.0,0.0,0.0005154524,0.0
c.2978T>G,0.0,0.0,0.0,0.0,0.0,0.0019285714
c.3049G>A,,0.0,0.0,0.00001364737,0.0,
c.3061G>C,,0.00010,0.0,0.000090985195,0.0,
c.3067C>A,0.044617835,0.0,0.0,0.000013283348,0.00089275226,0.034825396
