Frequencies of G6PD alleles in biogeographical groups,Unnamed: 1,Unnamed: 2,Unnamed: 3,Unnamed: 4,Unnamed: 5
G6PD allele,African American/Afro-Caribbean,Central/South Asian,East Asian,European,Latino
A,0.3183956,0.0007337911,0.0,0.00054859073,0.014873203
A- 968C_376G,0.0054458817,0.0,0.0,0.0,0.0007489835
Andalus,0.0,0.0,0.00007233273,0.0,0.0
Asahi,0.11640658,0.00036695323,0.0,0.00016199434,0.0041368
Aures,0.0,0.0,0.00014428973,0.0,0.0
B (reference),0.55657554,0.9557555,0.97378683,0.99463695,0.9772377
Cairo,0.0,0.0,0.0,0.0,0.0
"Canton, Taiwan-Hakka, Gifu-like, Agrigento-like",0.0,0.0,0.010610976,0.0,0.00003574748
Chatham,0.0,0.0013113035,0.000072196955,0.00006178815,0.0
Chinese-5,0.000052534804,0.0,0.0016838418,0.0,0.0
Coimbra Shunde,0.0,0.00020966558,0.00007214487,0.000010230493,0.0
Cosenza,0.0,0.0,0.0,0.000010319598,0.0
Dagua,0.0,0.000104821804,0.0,0.0,0.0
Gaohe,0.0,0.0,0.0019558913,0.0,0.0
Gond,0.0,0.008700666,0.0,0.000045109253,0.000035645542
Harilaou,0.0,0.0,0.0,0.0,0.00003647638
Ilesha,0.00052700925,0.00041928721,0.0,0.000009013232,0.0011765126
"Kaiping, Anant, Dhon, Sapporo-like, Wosera",0.0,0.000052762094,0.0070355837,0.0,0.0
"Kalyan-Kerala, Jamnaga, Rohini",0.0,0.011377339,0.0,0.00004499883,0.0
Lagosanto,0.0,0.0,0.0,0.000010254307,0.0
Mahidol,0.0,0.000366934,0.00007218132,0.0,0.0
Malaga,0.0011595425,0.0,0.0,0.00001806179,0.00028541868
"Mediterranean, Dallas, Panama, Sassari, Cagliari, Birmingham",0.0002108926,0.017349826,0.0,0.0005865103,0.0
Mexico City,0.0,0.0,0.0,0.000040952138,0.00018234865
"Minnesota, Marion, Gastonia, LeJeune",0.0,0.0,0.0,0.00001025599,0.0
Mira d'Aire,0.00037544584,0.0,0.0,0.000009038323,0.00060634164
Montalbano,0.000076028286,0.0,0.0,0.0,0.0
Montpellier,0.0,0.0,0.0,0.000027188444,0.0
Munich,,,,0.000010226099,
Murcia Oristano,0.0,0.0,0.0,0.000010226099,0.00007293148
Namouru,0.0,0.00020970956,0.0,0.0,0.0
Nankang,0.0,0.0,0.00014430014,0.0,0.0
Nanning,0.0,0.0,0.00033690452,0.0,0.0
Neapolis,0.0,0.0,0.0,0.0,0.0
Orissa,0.0,0.0016250786,0.0,0.0,0.0
Salerno Pyrgos,0.0,0.0,0.0,0.0,0.0
Sao Borja,0.0,0.0,0.0,0.000054038475,0.0
"Seattle, Lodi, Modena, Ferrara II, Athens-like",0.000052246603,0.00073390646,0.0,0.0010703556,0.0002496968
Sibari,0.000036485697,0.0,0.0,0.000010243173,0.0
Sierra Leone,0.00015804447,0.00031527507,0.0,0.0025682764,0.000035720663
Surabaya,0.0,0.0,0.0,0.0,0.000036485697
"Taipei, Chinese-3",0.0,0.0,0.0008090069,0.0,0.0
Ube Konan,0.000105235464,0.0,0.0000674127,0.0,0.00007135976
"Union,Maewo, Chinese-2, Kalo",0.0004229671,0.00010502547,0.0006079438,0.000045371227,0.00017860332
Vanua Lava,0.0,0.0,0.0,0.0,0.0
"Viangchan, Jammu",0.0,0.0002621507,0.002528171,0.0,0.0
